Fold,MAE,RMSE,R2,MAPE,DirectionalAccuracy,TheilsU
1,2.997440998647669,3.5830469033383294,-0.4641027317639257,48.31132696219116,6.993006993006993,0.5490139898956097
2,5.441590356052278,7.357199676361587,-2.5908921104079745,84.62856491001713,6.293706293706294,0.7862437425637777
3,4.139363960046702,4.768024277300146,-2.8709482776455983,33.51824181465975,7.6923076923076925,0.6330685811556408
4,3.280341903905713,3.932510667255401,-1.9711476240935268,44.90608821732634,8.391608391608392,0.690039369476598
5,2.1474198405455818,2.9435446033897184,-0.6371627154969961,30.36609379664362,10.48951048951049,0.6010139070020699
