fold,mae,rmse,r2,mape,theil_u,directional_accuracy
1,3.9116857704904344,4.42258057113638,-1.2305813759997362,69.5523037981231,0.6156277568283344,41.95804195804196
2,3.20686728342904,4.009535429745457,-0.06651110403154603,46.976080320866245,0.6585678859844429,35.66433566433567
3,3.3194473795837824,3.906680041368794,-1.5986999614329496,26.365307767916963,0.6113171203075618,51.048951048951054
4,2.674888353527917,3.1599515536714935,-0.9184269229481439,46.7036673861953,0.5630492718456578,51.74825174825175
5,1.955952432129118,2.5527950839248637,-0.231352830754342,27.94553739273183,0.6047276617127488,49.65034965034965
