time2vec_dim,hidden_dim,batch_size,learning_rate,dropout,clip_grad_norm
18,192,64,0.00026862438592874775,0.4821564565259616,3.0111513676128445
