fold,mae,rmse,r2,mape,theil_u,directional_accuracy
1,3.2687490072515275,4.26544543028974,-1.0748912767262464,36.06388093654448,0.6382039627235488,53.14685314685315
2,5.003263177198834,5.683759126360771,-1.143130414920166,43.50284156104507,0.6245928242227571,41.95804195804196
3,7.262054410590066,7.649085038663192,-8.962295758432996,60.18844917348345,0.7557007777733127,50.349650349650354
4,2.1813670085377166,3.048549884057224,-0.785545919884699,27.663655485661476,0.6145385245132624,51.74825174825175
5,2.3379431008126996,3.1340992947299973,-0.8559920295537491,29.67075076969493,0.6388438829048111,49.65034965034965
