fold,mae,rmse,r2,mape,theil_u,directional_accuracy
1,7.321445074918535,8.151356402452945,-6.5775066976605405,121.96863190020619,0.7266613850393822,41.95804195804196
2,4.41191542175081,5.006531401371202,-0.6628426668593481,40.14088455289309,0.599022449895646,35.66433566433567
3,7.236581638799773,7.6165547134707,-8.877739868144296,60.97977556412546,0.7626773637542853,51.048951048951054
4,8.513513494057126,9.30773429488818,-15.644561806041018,147.87899491375777,0.7850173105300561,41.95804195804196
5,5.556024202262031,6.39184012649725,-6.719735333632078,101.1135832252191,0.7890925808612217,43.35664335664335
