fold,mae,rmse,r2,mape,theil_u,directional_accuracy
1,4.7036345576789635,5.601841321188757,-2.5787237041631714,58.95830261236509,0.723313781987059,48.25174825174825
2,3.858445500278473,4.273061750252648,-0.21131085303391095,44.92464883427171,0.627688814477977,41.95804195804196
3,6.212731557104323,6.717331043437439,-6.683055242271088,51.235682346575594,0.7304568651386255,52.44755244755245
4,3.4631750976959865,4.096680363926764,-2.22439747508694,57.77698352867259,0.6288783345011669,51.74825174825175
5,3.261041861859957,3.9772182404623524,-1.9888866723481877,42.874863744400535,0.7104997170388098,49.65034965034965
