fold,mae,rmse,r2,mape,theil_u,directional_accuracy
1,9.690348472899863,10.456976632918925,-6.982581860145679,62.96378833130204,0.7810451412938999,18.181818181818183
2,8.490662923822406,9.458085279990556,-3.9466788194439424,67.91738260848103,0.7389867468800387,49.65034965034965
3,7.494834758280537,8.16644342961572,-5.1527027037108315,82.94679864769887,0.7650999504076345,55.24475524475524
4,4.4832550216918525,5.360532074216524,-2.403269988956462,89.01376714085433,0.6062435220394764,41.25874125874126
5,5.800048009154001,6.953862107745872,-2.9915266628024715,154.0420509244588,0.749482151767271,44.05594405594406
