Fold,MAE,RMSE,R2,MAPE,DirectionalAccuracy,TheilsU
1,4.452846851741577,4.981231696840254,-0.811359243543212,30.463184112848467,10.48951048951049,0.6328367421231856
2,6.897210482290538,8.034071238382198,-2.569263564573238,52.24577724208679,30.069930069930066,0.6939304171199155
3,2.721962067253358,3.3598622093156694,-0.041460849569535885,32.67139681285387,46.85314685314685,0.5182135688382458
4,3.527855551767073,4.577391999349863,-1.4815145077199032,47.35047719258254,32.86713286713287,0.6998991437272389
5,3.083696354013072,4.189147151962348,-0.448565433748914,49.650480881316064,38.46153846153847,0.616695799776756
