fold,mae,rmse,r2,mape,theil_u,directional_accuracy
1,5.981313664365347,6.9536915138085345,-2.5298962928364923,52.32450505340158,0.7624918569155196,18.181818181818183
2,12.140968396424187,14.78554144603452,-11.08875923450601,147.23553059527998,0.7534921495656968,37.06293706293706
3,12.725399003487693,15.964222497412443,-22.512324057263488,184.47646616106078,0.8211881696879559,41.25874125874126
4,10.189755274085998,11.620883090018104,-14.99406550225528,201.91393211409965,0.7506216441825728,41.25874125874126
5,5.9340597046555414,7.07474800462852,-3.1315102659145575,159.14089392777987,0.7533488432919437,44.05594405594406
