Fold,MAE,RMSE,R2,MAPE,DirectionalAccuracy,TheilsU
1,4.174646289758627,4.564733065344246,-0.5211144009615614,30.43230864761367,25.174825174825177,0.6216096708010518
2,6.582118246439466,7.68143660746104,-2.2628128472116336,49.73678264385624,40.55944055944056,0.6875825797062702
3,2.5406933713669155,3.2068382521496046,0.05124489572871249,29.409583320735305,53.14685314685315,0.5093307234236857
4,2.8572207000215646,3.9839521355625593,-0.879787815515158,37.44594410613079,42.65734265734265,0.665135658116011
5,2.780097680521447,3.8116800772857298,-0.19927773227612788,47.64407054748424,50.349650349650354,0.5772404393056373
