Metric,Value
MAE,5.345664545180941
RMSE,6.717680663188202
R²,-1.3747210640724625
MAPE,66.94660892045239
Directional Accuracy,58.19672131147541
Theil's U,0.7588494659697695
