Metric,Value
MAE,4.894667241302127
RMSE,6.5218914863499595
R²,-1.2383141055426719
MAPE,55.20176433270302
Directional Accuracy,0.0
Theil's U,0.722703049324385
