Fold,MAE,RMSE,R2,MAPE,DirectionalAccuracy,TheilsU
1,4.604016490668621,5.120888395175105,-0.9143516968598229,31.409435142055425,18.181818181818183,0.638368635972083
2,6.773023424305533,7.902151688282072,-2.453011193391615,51.23765389394587,41.25874125874126,0.6936437038153066
3,2.7718137917340835,3.5809007293407245,-0.1829995455701965,29.175058476749182,53.14685314685315,0.5550187645282564
4,2.5954812872086688,3.7238291806905752,-0.6423287964832423,34.04030256654663,42.65734265734265,0.6436577025986064
5,3.090990299163881,4.224912881300588,-0.47340589052262727,49.154117424515775,48.25174825174825,0.6157483761096083
