Metric,Value
MAE,5.377670081165257
RMSE,6.750476804415271
R²,-1.3979647408605307
MAPE,67.29443023834727
Directional Accuracy,50.81967213114754
Theil's U,0.7600941843397211
