Metric,Value
MAE,6.600749249810333
RMSE,8.36522358286046
R²,-1.3305069989390303
MAPE,69.42606040111617
Directional Accuracy,57.34265734265735
Theil's U,0.7660548316691702
