fold,mae,rmse,r2,mape,theil_u,directional_accuracy
1,12.979523871480097,13.554877242851314,-12.41288754452011,88.20697239770877,0.8300906878876935,28.671328671328673
2,9.572843730154567,10.50509505512016,-5.102492227889282,78.22369831487666,0.758996766865409,49.65034965034965
3,6.499162166285515,7.3011256100714155,-3.917899563874972,68.604405666881,0.7396641290592959,55.24475524475524
4,2.285416891064114,3.027684032673203,-0.08567967412325883,41.388318589115045,0.5135441732593968,54.54545454545454
5,2.809846820939382,3.864600748294951,-0.23281001213673758,55.09565257375092,0.5712520971834351,51.048951048951054
