fold,mae,rmse,r2,mape,theil_u,directional_accuracy
1,10.849161231655549,11.421325484588484,-8.522788135880104,72.45155042953093,0.8022700913464625,29.37062937062937
2,11.52351574927239,12.275604092225906,-7.332839341552319,100.27944638628401,0.805541628952883,49.65034965034965
3,3.6175804554171034,4.646257828657817,-0.9916206767649145,41.015755779437264,0.5999444430591818,41.25874125874126
4,4.072133089010451,4.993138318012437,-1.952757626808387,79.3553439704681,0.5934758371200419,41.25874125874126
5,4.513728871480094,5.208966962738588,-1.2397012454364824,119.25656251875425,0.6990777592535317,44.05594405594406
